id,created,source,asset,call,prob,resolve_by,status,outcome,resolved,note,lang
C0001,2026-10-04,601398-工商银行-研报.md,601398.SH 工商银行,2026年归母净利润同比正增长,0.65,2027-03-31,open,,,,zh
C0002,2026-10-04,601939-建设银行-研报.md,601939.SH 建设银行,2026年归母净利润同比正增长,0.65,2027-03-31,open,,,,zh
C0003,2026-10-04,601288-农业银行-研报.md,601288.SH 农业银行,2026年净利息收入同比增速转正,0.60,2027-03-31,open,,,,zh
C0004,2026-10-04,600519-贵州茅台-研报.md,600519.SH 贵州茅台,2026年归母净利润同比负增长,0.55,2027-03-31,open,,,,zh
C0005,2026-10-04,300750-宁德时代-研报.md,300750.SZ 宁德时代,2026年归母净利润同比正增长,0.70,2027-03-31,open,,,,zh
C0006,2026-10-04,600941-中国移动-研报.md,600941.SH 中国移动,2026年算力/智能服务收入占主营业务收入突破25%,0.55,2027-03-31,open,,,,zh
C0007,2026-10-04,reports/2026/10/2026-10-04-weekly-review-zh.md,上证指数 sh000001,截至2026-10-16收盘，上证指数高于3842.19点（2026-09-30收盘）,0.60,2026-10-16,open,,,,zh
C0008,2026-10-04,reports/2026/10/2026-10-04-weekly-review-zh.md,USD/CNH,截至2026-10-16，离岸人民币USD/CNH收于6.60-6.75区间内,0.62,2026-10-16,open,,,,zh
C0009,2026-10-04,reports/2026/10/2026-10-04-weekly-review-zh.md,COMEX黄金,截至2026-10-23，COMEX黄金收于4000美元/盎司之上,0.65,2026-10-23,open,,,,zh
C0010,2026-10-04,reports/2026/10/2026-10-04-weekly-review-zh.md,比特币 BTC,截至2026-10-16，比特币价格维持在80000-90000美元区间内,0.58,2026-10-16,open,,,,zh
